<concepts category="appliances">
<concept name="fan_(appliance)">
<texture_material>
    made_of_plastic
    made_of_metal
</texture_material>
<parts>
    has_cord
    has_propeller
    has_blades
    has_plug<no_evidence/>
    has_knob<no_evidence/>
    has_motor<no_evidence/>
    has_stand
</parts>
<shape_size>
    different_shapes
    is_round
    is_rectangular
</shape_size>
<color_patterns>
    different_colors
    is_silver
    is_black
    is_blue
    is_white
</color_patterns>
</concept>
<concept name="mouse_(computer)">
<parts>
    has_cord
    has_push-buttons
    has_1_wheel
</parts>
<shape_size>
    is_oval
    is_small
</shape_size>
<color_patterns>
    is_white
    is_gray
    is_black
</color_patterns>
<texture_material>
    made_of_plastic
</texture_material>
</concept>
<concept name="plug_(electric)">
<color_patterns>
    is_black
    is_white<no_evidence/>
</color_patterns>
<shape_size>
    different_shapes
    is_small
</shape_size>
<parts>
    has_prongs
    has_cord
    has_plug
</parts>
<texture_material>
    made_of_plastic
    made_of_rubber
    made_of_metal
</texture_material>
</concept>
<concept name="projector">
<color_patterns>
    is_silver
    is_black
</color_patterns>
<parts>
    has_lenses
    has_push-buttons
    has_cord<no_evidence/>
    has_light<no_evidence/>
    has_slots
    has_plug<no_evidence/>
    has_knob<no_evidence/>
    has_motor<no_evidence/>
</parts>
<shape_size>
    is_box_shaped
    is_rectangular
</shape_size>
<texture_material>
    made_of_plastic
    made_of_metal<no_evidence/>
</texture_material>
</concept>
<concept name="radio">
<color_patterns>
    is_silver
</color_patterns>
<parts>
    has_cord<no_evidence/>
    has_knob
    has_speakers
    has_plug<no_evidence/>
    has_push-buttons
    has_monitor
    has_antenna
</parts>
<shape_size>
    is_rectangular
</shape_size>
<texture_material>
    made_of_plastic
    made_of_wood
    made_of_metal
</texture_material>
</concept>
<concept name="razor">
<texture_material>
    made_of_plastic
    made_of_steel
</texture_material>
<parts>
    has_handle
    has_blades
</parts>
<shape_size>
    is_long
    is_small
</shape_size>
<color_patterns>
    different_colors
    is_black
    is_silver
</color_patterns>
</concept>
<concept name="stereo">
<parts>
    has_CD_player
    has_push-buttons
    has_cassette_deck<no_evidence/>
    has_turntable
    has_knob
    has_speakers
    has_monitor
    has_plug<no_evidence/>
    has_cord<no_evidence/>
</parts>
<color_patterns>
    is_silver
    is_black
</color_patterns>
<shape_size>
    is_rectangular
    is_round
</shape_size>
<texture_material>
    made_of_plastic
    made_of_metal
</texture_material>
</concept>
<concept name="telephone">
<parts>
    has_push-buttons
    has_cord
    has_plug<no_evidence/>
    has_dial<no_evidence/>
    has_numbers
    has_monitor
    has_receiver
    has_speakers<no_evidence/>
</parts>
<texture_material>
    made_of_plastic
</texture_material>
<color_patterns>
    is_black
    is_silver
    is_white
    different_colors
</color_patterns>
</concept>
<concept name="thermometer">
<texture_material>
    made_of_plastic
    made_of_glass<no_evidence/>
    has_metal_end
</texture_material>
<parts>
    has_mercury<no_evidence/>
    has_numbers
    has_handle
    has_sensor
    has_monitor
    has_push-buttons
</parts>
<shape_size>
    is_small
    has_pointed_end
    is_round
    different_shapes
</shape_size>
<color_patterns>
    is_black
    is_white
</color_patterns>
</concept>
<subcategory name="kitchen_appliances">
<concept name="blender">
<color_patterns>
    is_silver
    is_black
    is_white
</color_patterns>
<parts>
    has_blades<no_evidence/>
    has_cord<no_evidence/>
    has_container
    has_knob
    has_handle
    has_lid
    has_plug<no_evidence/>
    has_motor<no_evidence/>
    has_stand
</parts>
<texture_material>
    made_of_plastic
    made_of_steel
    is_transparent
    is_shiny
    made_of_glass
    made_of_metal
</texture_material>
<shape_size>
    is_deep
    is_round
</shape_size>
</concept>
<concept name="dishwasher">
<parts>
    has_racks
    has_push-buttons
    has_knob
    has_plug<no_evidence/>
    has_cord<no_evidence/>
    has_handle<no_evidence/>
    has_motor<no_evidence/>
    has_door
</parts>
<color_patterns>
    is_white
    is_silver<no_evidence/>
    different_colors
</color_patterns>
<shape_size>
    has_flat_surface
    is_rectangular
    is_box_shaped
</shape_size>
<texture_material>
    made_of_plastic
    made_of_steel
    made_of_metal
</texture_material>
</concept>
<concept name="freezer">
<color_patterns>
    is_white
</color_patterns>
<parts>
    has_freezer
    has_racks<no_evidence/>
    has_drawers
    has_plug<no_evidence/>
    has_light_inside<no_evidence/>
    has_handle
    has_door
    has_cord<no_evidence/>
    has_motor<no_evidence/>
</parts>
<shape_size>
    is_tall
    is_box_shaped
    has_flat_surface
    is_rectangular
</shape_size>
<texture_material>
    made_of_plastic
    made_of_metal
    made_of_steel
</texture_material>
</concept>
<concept name="fridge">
<parts>
    has_light_inside
    has_handle
    has_racks
    has_shelves
    has_drawers
    has_door
    has_plug<no_evidence/>
    has_cord<no_evidence/>
    has_motor<no_evidence/>
</parts>
<shape_size>
    is_rectangular
    is_tall
    is_box_shaped
    has_flat_surface
</shape_size>
<texture_material>
    made_of_metal
    made_of_steel
    made_of_plastic
</texture_material>
<color_patterns>
    is_white
</color_patterns>
</concept>
<concept name="microwave">
<parts>
    has_push-buttons
    has_turntable<no_evidence/>
    has_cord<no_evidence/>
    has_plug<no_evidence/>
    has_light_inside<no_evidence/>
    has_motor<no_evidence/>
    has_glass_panel
    has_monitor
    has_door
</parts>
<color_patterns>
    is_silver
    is_black
    is_white
</color_patterns>
<shape_size>
    is_rectangular
    is_box_shaped
    has_flat_surface
</shape_size>
<texture_material>
    made_of_plastic
    made_of_steel
    made_of_metal
</texture_material>
</concept>
<concept name="mixer">
<parts>
    has_container
    has_blades<no_evidence/>
    has_handle
    has_beater
    has_motor<no_evidence/>
    has_stand
    has_plug<no_evidence/>
    has_knob
    has_cord<no_evidence/>
</parts>
<shape_size>
    different_shapes
</shape_size>
<color_patterns>
    is_silver
    is_white
</color_patterns>
<texture_material>
    made_of_plastic
    is_shiny
    made_of_steel
    made_of_glass
    made_of_metal
</texture_material>
</concept>
<concept name="oven">
<parts>
    has_handle
    has_knob
    has_oven
    has_racks
    has_light_inside<no_evidence/>
    has_motor<no_evidence/>
    has_glass_panel
    has_door
    has_cord<no_evidence/>
</parts>
<shape_size>
    is_rectangular
</shape_size>
<texture_material>
    made_of_steel
    is_shiny
    made_of_metal
</texture_material>
<color_patterns>
    is_silver
    is_black
    is_white
</color_patterns>
</concept>
<concept name="stove">
<parts>
    has_handle
    has_knob
    has_door
    has_oven
    has_racks
    has_cord<no_evidence/>
    has_plug<no_evidence/>
    has_light_inside<no_evidence/>
    has_motor<no_evidence/>
    has_glass_panel
    has_hob_on_top
</parts>
<shape_size>
    is_box_shaped
    has_flat_surface
    is_rectangular
</shape_size>
<texture_material>
    made_of_steel
    is_shiny
    made_of_metal
</texture_material>
<color_patterns>
    is_silver
    is_black
    is_white
</color_patterns>
</concept>
<concept name="toaster">
<parts>
    has_push-buttons
    has_cord<no_evidence/>
    has_plug<no_evidence/>
    has_knob
    has_slots
    has_motor<no_evidence/>
    has_lever
</parts>
<shape_size>
    is_box_shaped
</shape_size>
<texture_material>
    made_of_plastic
    is_shiny
    made_of_steel
</texture_material>
<color_patterns>
    is_black
    is_silver
</color_patterns>
</concept>
</subcategory>
</concepts>