<concepts category="clothing">
<concept name="apron">
<parts>
    has_belt
    has_strap
    has_seams
    has_pockets
</parts>
<texture_material>
    made_of_cotton
    made_of_different_fabrics
</texture_material>
<color_patterns>
    different_colors
    is_colorful
    has_patterns
</color_patterns>
<structure>
    has_1_piece
</structure>
</concept>
<concept name="cloak">
<color_patterns>
    different_colors
    is_black
    is_blue
    is_yellow
    is_red
    is_green
    is_brown
    is_white
</color_patterns>
<parts>
    has_string<no_evidence/>
    has_seams
    has_lining<no_evidence/>
    has_hood
    has_clasp<no_evidence/>
</parts>
<texture_material>
    made_of_silk
    made_of_cotton
    made_of_satin
    made_of_velvet
    made_of_fur
    made_of_wool
    made_of_different_fabrics
</texture_material>
<structure>
    has_1_piece
</structure>
</concept>
<concept name="coat">
<parts>
    has_belt
    has_zipper
    has_buttons
    has_seams
    has_cuffs
    has_collar
    has_pockets
    has_lining
    has_sleeves
    has_fur
</parts>
<structure>
    has_1_piece
</structure>
<texture_material>
    made_of_cotton
    made_of_leather
    made_of_different_fabrics
    made_of_wool
</texture_material>
<color_patterns>
    different_colors
    is_black
    is_blue
    is_gray
    is_red
    is_brown
</color_patterns>
</concept>
<concept name="dress">
<parts>
    has_belt
    has_strap
    has_seams
    has_sleeves
    has_laces
</parts>
<structure>
    has_1_piece
</structure>
<texture_material>
    made_of_cotton
    made_of_satin
    made_of_different_fabrics
</texture_material>
<color_patterns>
    different_colors
    has_patterns<no_evidence/>
    is_colorful<no_evidence/>
    is_black
    is_pink
    is_blue
    is_white
</color_patterns>
</concept>
<concept name="gown">
<color_patterns>
    different_colors
    is_colorful
    is_red
    is_purple
    is_white
</color_patterns>
<parts>
    has_strap
    has_seams
    has_laces
</parts>
<structure>
    has_1_piece
</structure>
<texture_material>
    made_of_silk
    made_of_different_fabrics
</texture_material>
</concept>
<concept name="mink_(coat)">
<structure>
    has_1_piece
</structure>
<parts>
    has_buttons
    has_zipper<no_evidence/>
    has_seams
    has_collar
    has_pockets<no_evidence/>
    has_lining<no_evidence/>
    has_sleeves
</parts>
<texture_material>
    made_of_fur
</texture_material>
<color_patterns>
    different_colors
    is_black
    is_brown
    is_white
</color_patterns>
</concept>
<concept name="nightgown">
<color_patterns>
    different_colors
    has_patterns<no_evidence/>
    is_black
    is_pink
    is_white
</color_patterns>
<parts>
    has_strap
    has_seams
    has_sleeves
    has_laces
</parts>
<texture_material>
    made_of_silk
    made_of_cotton
    is_sheer
    made_of_satin
    made_of_different_fabrics
</texture_material>
<structure>
    has_1_piece
</structure>
</concept>
<concept name="pajamas">
<parts>
    has_shirt
    has_buttons
    has_cuffs
    has_collar
    has_sleeves
    has_seams   
    has_pants
    has_waistband
    has_2_legs
</parts>
<texture_material>
    made_of_cotton
    made_of_different_fabrics
</texture_material>
<color_patterns>
    different_colors
    has_patterns
    is_colorful
    is_blue
    is_pink
    is_red
    is_white
</color_patterns>
<structure>
    has_2_pieces
</structure>
</concept>
<concept name="robe">
<parts>
    has_belt
    has_pockets
    has_hood
    has_sleeves
    has_seams
</parts>
<texture_material>
    made_of_cotton
    made_of_silk
    made_of_satin
    made_of_different_fabrics
    made_of_terry_cloth
</texture_material>
<color_patterns>
    different_colors
    is_black
    is_blue
    is_brown
    is_white
</color_patterns>
<structure>
    has_1_piece
</structure>
</concept>
<concept name="skirt">
<texture_material>
    made_of_cotton
    made_of_denim
    made_of_different_fabrics
</texture_material>
<parts>
    has_belt
    has_zipper
    has_pockets
    has_belt_loops
    has_seams
    has_waistband
</parts>
<structure>
    has_1_piece
</structure>
<color_patterns>
    different_colors
    has_patterns
    is_black
    is_colorful
    is_blue
    is_pink
    is_green
    is_white
</color_patterns>
</concept>
<concept name="swimsuit">
<parts>
    has_strap
    has_string
    has_cups
    has_seams
    has_2_legs
    has_waistband
    has_pants
</parts>
<texture_material>
    made_of_different_fabrics
</texture_material>
<shape_size>
    is_thin
</shape_size>
<color_patterns>
    different_colors
    is_black
    is_colorful
</color_patterns>
<structure>
    has_2_pieces
    has_1_piece
</structure>
</concept>
<concept name="boots">
<structure>
    has_2_pieces
</structure>
<parts>
    has_zipper
    has_fur
    has_heels
    has_buckle
    has_shoe_laces
    has_soles
    has_upper
    has_seams
</parts>
<texture_material>
    made_of_leather
    made_of_suede
    made_of_rubber
    made_of_different_fabrics
</texture_material>
<color_patterns>
    different_colors
    is_black
    is_blue
    is_brown
</color_patterns>
</concept>
<concept name="nylons">
<color_patterns>
    different_colors
    is_black
    is_brown
    is_white
</color_patterns>
<parts>
    has_2_legs
    has_seams
    has_laces
    has_runs<no_evidence/>
</parts>
<texture_material>
    is_sheer
    made_of_cotton
    made_of_nylon
    made_of_different_fabrics
</texture_material>
<structure>
    has_2_pieces
</structure>
</concept>
<concept name="sandals">
<structure>
    has_2_pieces
</structure>
<parts>
    has_strap
    has_heels
    has_buckle
    has_soles
</parts>
<texture_material>
    made_of_leather
    made_of_rubber
</texture_material>
<color_patterns>
    different_colors
    is_black
    is_brown
    is_white
</color_patterns>
</concept>
<concept name="shoes">
<structure>
    has_2_pieces
</structure>
<parts>
    has_strap
    has_heels
    has_seams
    has_buckle
    has_soles
    has_shoe_laces
    has_tongue
</parts>
<texture_material>
    made_of_suede<no_evidence/>
    made_of_leather
    made_of_rubber
    made_of_different_fabrics
</texture_material>
<color_patterns>
    different_colors
    is_black
    is_brown
    is_white
</color_patterns>
</concept>
<concept name="slippers">
<structure>
    has_2_pieces
</structure>
<texture_material>
    made_of_leather
    made_of_rubber
    made_of_silk<no_evidence/>
    made_of_different_fabrics
</texture_material>
<parts>
    has_seams
    has_soles
    has_strap
</parts>
<color_patterns>
    different_colors
    has_patterns
    is_black
    is_colorful
    is_blue
    is_brown
    is_white
</color_patterns>
</concept>
<concept name="socks">
<texture_material>
    made_of_cotton
    made_of_different_fabrics
    made_of_wool
    has_different_sizes_of_grains_textures
</texture_material>
<structure>
    has_2_pieces
</structure>
<color_patterns>
    different_colors
    has_patterns
    is_colorful
    is_blue
    is_black
    has_stripes
</color_patterns>
</concept>
<concept name="gloves">
<texture_material>
    made_of_cotton
    made_of_leather
    made_of_wool
    made_of_different_fabrics
    has_different_sizes_of_grains_textures
</texture_material>
<parts>
    has_belt
    has_thumb
    has_fingers
    has_seams
</parts>
<color_patterns>
    different_colors
    is_black
    is_colorful
    is_gray
</color_patterns>
<structure>
    has_2_pieces
</structure>
</concept>
<concept name="mittens">
<structure>
    has_2_pieces
</structure>
<shape_size>
    is_oval
</shape_size>
<parts>
    has_seams
    has_thumb
</parts>
<texture_material>
    made_of_cotton
    made_of_wool
    has_different_sizes_of_grains_textures
</texture_material>
<color_patterns>
    different_colors
    is_black
    has_patterns
    is_blue
    is_gray
    is_red
    is_purple
    is_brown
    is_white
</color_patterns>
</concept>
<concept name="cap_(hat)">
<shape_size>
    is_round
</shape_size>
<parts>
    has_buttons
    has_seams
    has_brim
</parts>
<texture_material>
    made_of_cotton
    made_of_different_fabrics
    has_different_sizes_of_grains_textures
</texture_material>
<color_patterns>
    different_colors
    is_black
    has_patterns
    is_blue
    is_green
    is_pink
    is_brown
</color_patterns>
<structure>
    has_1_piece
</structure>
</concept>
<concept name="veil">
<parts>
    has_seams
    has_laces
</parts>
<texture_material>
    made_of_different_fabrics
    made_of_silk
    made_of_nylon
    is_sheer
</texture_material>
<color_patterns>
    different_colors
    is_red
    is_blue
    is_black
    is_pink
    is_white
</color_patterns>
<structure>
    has_1_piece
</structure>
</concept>
<concept name="hose_(leggings)">
<structure>
    has_1_piece
</structure>
<parts>
    has_2_legs
    has_pants
    has_seams
    has_waistband
</parts>
<texture_material>
    made_of_different_fabrics
    is_shiny
    is_sheer
    has_different_sizes_of_grains_textures
</texture_material>
<color_patterns>
    different_colors
    is_black
</color_patterns>
</concept>
<concept name="jeans">
<structure>
    has_1_piece
</structure>
<parts>
    has_buttons
    has_zipper
    has_seams
    has_pockets
    has_belt_loops
    has_2_legs
    has_pants
    has_waistband
</parts>
<texture_material>
    made_of_cotton
    has_rips
    made_of_denim
    made_of_plastic
</texture_material>
<color_patterns>
    is_black
    is_blue
</color_patterns>
</concept>
<concept name="pants">
<structure>
    has_1_piece
</structure>
<parts>
    has_waistband
    has_strips
    has_laces
    has_seams
</parts>
<color_patterns>
    different_colors
    is_black
    is_colorful
    is_blue
    is_red
    is_yellow
    is_pink
    is_white
</color_patterns>
<texture_material>
    made_of_silk
    made_of_cotton
    is_sheer
    made_of_different_fabrics
</texture_material>
</concept>
<concept name="trousers">
<parts>
    has_buttons
    has_zipper
    has_seams
    has_pockets
    has_belt_loops
    has_2_legs
    has_pants
    has_waistband
    has_pleats
</parts>
<texture_material>
    made_of_cotton
    made_of_leather
    made_of_denim
    made_of_different_fabrics
</texture_material>
<color_patterns>
    different_colors
    is_black
    is_blue
    is_gray
    is_brown
</color_patterns>
<structure>
    has_1_piece
</structure>
</concept>
<concept name="blouse">
<structure>
    has_1_piece
</structure>
<color_patterns>
    different_colors
    is_black
    is_blue
    is_white
</color_patterns>
<parts>
    has_buttons
    has_seams
    has_cuffs
    has_collar
    has_sleeves
    has_laces
</parts>
<texture_material>
    made_of_silk
    made_of_cotton
    made_of_suede
    made_of_different_fabrics
</texture_material>
</concept>
<concept name="camisole">
<color_patterns>
    different_colors
    is_black
    is_blue
    is_white
    is_pink
</color_patterns>
<parts>
    has_strap
    has_seams
    has_laces
</parts>
<texture_material>
    made_of_silk
    made_of_cotton
    is_sheer
    made_of_different_fabrics
</texture_material>
<structure>
    has_1_piece
</structure>
</concept>
<concept name="cape">
<structure>
    has_1_piece
</structure>
<parts>
    has_seams
    has_buttons
    has_lining
    has_strap
    has_hood
</parts>
<texture_material>
    made_of_cotton
    made_of_different_fabrics
    made_of_silk
    made_of_satin
    made_of_wool
</texture_material>
<color_patterns>
    different_colors
    is_blue
    is_black
    is_red
</color_patterns>
</concept>
<concept name="jacket">
<parts>
    has_lining
    has_belt<no_evidence/>
    has_buttons
    has_zipper
    has_seams
    has_pockets
    has_sleeves
    has_hood<no_evidence/>
</parts>
<texture_material>
    made_of_cotton
    made_of_suede
    made_of_leather
    made_of_different_fabrics
</texture_material>
<color_patterns>
    different_colors
    is_black
    is_blue
    is_red
    is_brown
</color_patterns>
<structure>
    has_1_piece
</structure>
</concept>
<concept name="parka">
<parts>
    has_seams
    has_collar
    has_pockets
    has_sleeves
    has_belt<no_evidence/>
    has_buttons
    has_zipper
    has_lining
    has_hood
    has_sleeves
    has_fur
</parts>
<texture_material>
    made_of_cotton
    made_of_different_fabrics
    made_of_leather
</texture_material>
<color_patterns>
    different_colors
    is_blue
    is_black
    is_green
    is_red
    is_brown
</color_patterns>
<structure>
    has_1_piece
</structure>
</concept>
<concept name="shirt">
<structure>
    has_1_piece
</structure>
<parts>
    has_buttons
    has_seams
    has_collar
    has_sleeves
</parts>
<texture_material>
    made_of_cotton
    made_of_different_fabrics
</texture_material>
<shape_size>
    is_thin
</shape_size>
<color_patterns>
    different_colors
    is_black
    is_blue
    is_green
    is_red
    is_yellow
    is_brown
    is_white
</color_patterns>
</concept>
<concept name="sweater">
<parts>
    has_buttons
    has_seams
    has_sleeves
    has_zipper
</parts>
<structure>
    has_1_piece
</structure>
<texture_material>
    made_of_cotton
    made_of_wool
    made_of_different_fabrics
</texture_material>
<color_patterns>
    different_colors
    is_black
    is_colorful
    is_blue
    is_red
    is_green
    is_purple
    is_gray
    is_brown
    is_white
</color_patterns>
</concept>
<concept name="vest">
<parts>
    has_strap
    has_buckle
    has_buttons
    has_zipper
    has_seams
    has_pockets<no_evidence/>
    has_lining<no_evidence/>
</parts>
<structure>
    has_1_piece
</structure>
<texture_material>
    made_of_cotton
    made_of_different_fabrics
</texture_material>
<color_patterns>
    different_colors
    is_black
    is_blue
    is_red
    is_gray
    is_brown
</color_patterns>
</concept>
<concept name="bra">
<structure>
    has_1_piece
</structure>
<color_patterns>
    is_red
    different_colors
    is_black
    has_patterns
    is_white
</color_patterns>
<parts>
    has_strap
    has_cups
    has_hook
    has_clasp
    has_wires<no_evidence/>
    has_laces
</parts>
<texture_material>
    made_of_silk
    made_of_cotton
    made_of_different_fabrics
</texture_material>
</concept>
<concept name="napkin">
<structure>
    has_1_piece
</structure>
<texture_material>
    made_of_paper
    made_of_cotton
    made_of_different_fabrics
</texture_material>
<shape_size>
    is_thin
    is_rectangular
    is_small
</shape_size>
<color_patterns>
    different_colors
    is_white
</color_patterns>
</concept>
<concept name="scarf">
<parts>
    has_string
</parts>
<structure>
    has_1_piece
</structure>
<texture_material>
    made_of_cotton
    made_of_wool
    made_of_different_fabrics
    has_different_sizes_of_grains_textures
</texture_material>
<color_patterns>
    different_colors
    has_patterns
    is_colorful
    is_blue
    is_green
    is_pink
    is_red
    is_white
</color_patterns>
</concept>
<concept name="shawl">
<structure>
    has_1_piece
</structure>
<color_patterns>
    different_colors
    is_blue
    is_red
    is_green
    is_yellow
    is_purple
    is_brown
    is_white
</color_patterns>
<parts>
    has_holes
    has_seams
    has_laces
</parts>
<texture_material>
    made_of_silk<no_evidence/>
    made_of_cotton
    made_of_wool
    made_of_different_fabrics
    has_different_sizes_of_grains_textures
</texture_material>
</concept>
<concept name="tie">
<structure>
    has_1_piece
</structure>
<color_patterns>
    different_colors
    is_black
    has_patterns
    is_blue
    is_red
    is_gray
    is_yellow
    has_stripes
    has_spots
</color_patterns>
<parts>
    has_seams
    has_knot
    has_lining<no_evidence/>
</parts>
<shape_size>
    is_thin
    has_pointed_end
    is_long
</shape_size>
<texture_material>
    made_of_silk
    is_shiny
    made_of_different_fabrics
</texture_material>
</concept>
<concept name="buckle">
<shape_size>
    different_shapes
    is_small
    is_oval
    different_sizes
    is_round
</shape_size>
<parts>
    has_stick
    has_buckle
</parts>
<texture_material>
    made_of_plastic
    made_of_metal
</texture_material>
<color_patterns>
    has_patterns
    different_colors
    is_silver
    is_gold
    is_brown
</color_patterns>
</concept>
<concept name="belt">
<concept name="earmuffs">
<structure>
    has_1_piece
</structure>
<texture_material>
    made_of_plastic
    made_of_metal
    is_shiny
    made_of_different_fabrics
</texture_material>
<parts>
    has_head-band
    has_pads
</parts>
<color_patterns>
    different_colors
    is_black
    is_blue
</color_patterns>
</concept>
<parts>
    has_hole
    has_buckle
</parts>
<structure>
    has_1_piece
</structure>
<texture_material>
    made_of_plastic
    made_of_cotton
    made_of_leather
    made_of_metal
    made_of_different_fabrics
</texture_material>
<color_patterns>
    is_black
    has_patterns
    is_brown
    different_colors
</color_patterns>
</concept>
<concept name="bow_(ribbon)">
<parts>
    has_ribbon
    has_bow
</parts>
<color_patterns>
    is_pink
    different_colors
</color_patterns>
<texture_material>
    made_of_different_fabrics
    made_of_silk
    is_shiny
</texture_material>
<structure>
    has_1_piece
</structure>
</concept>
</concepts>
