<concepts category="toys">
<concept name="doll">
<texture_material>
    made_of_porcelain
    made_of_plastic
</texture_material>
<parts>
    has_eyes
    has_mouth
    has_nose
    has_head
    has_neck
    has_ears
    has_arms
    has_legs
    has_hands
    has_feet
    has_hair
</parts>
<color_patterns>
    different_colors
    is_brown
    is_black
</color_patterns>
</concept>
<concept name="kite">
<shape_size>
    is_flat
</shape_size>
<inbeh>
    inbeh_-_flies_in_the_wind
</inbeh>
<parts>
    has_seams
    has_string
    has_stick<no_evidence/>
</parts>
<texture_material>
    made_of_nylon
    made_of_bamboo<no_evidence/>
    made_of_fiberglass<no_evidence/>
</texture_material>
<color_patterns>
    different_colors
    is_colorful
    is_black
    is_red
    is_blue
</color_patterns>
</concept>
<concept name="marble">
<texture_material>
    made_of_glass
    is_shiny
</texture_material>
<inbeh>
    inbeh_-_rolls<no_evidence/>
</inbeh>
<shape_size>
    is_small
    is_spherical
    is_round
</shape_size>
<color_patterns>
    different_colors
    is_colorful
</color_patterns>
</concept>
</concepts>