<concepts category="weapons">
<concept name="armour" alt="armor">
<texture_material>
    made_of_steel
    is_shiny
    made_of_iron
</texture_material>
<parts>
    has_helm
    has_visor
    has_comb
    has_gorget
    has_pauldron
    has_sabaton_(shoe)
    has_tasset
    has_greave
    has_poleyn
    has_cuisse_(thigh)
    has_gauntlet_(glove)
    has_cowter_(elbow)
    has_cuirass_(torso)
</parts>
<color_patterns>
    is_silver
</color_patterns>
</concept>
<concept name="bayonet">
<texture_material>
    has_wooden_handle
    made_of_steel
    has_plastic_handle
</texture_material>
<parts>
    has_blade
    has_edge
    has_hand_grip
    has_guard
</parts>
<shape_size>
    has_pointed_end
</shape_size>
<color_patterns>
    is_black
    is_silver
    is_brown
</color_patterns>
</concept>
<concept name="bazooka">
<parts>
    has_long_barrel
    has_trigger
    has_trigger_guard
    has_hand_grip
</parts>
<inbeh>
    inbeh_-_fires_projectile<no_evidence/>
</inbeh>
<color_patterns>
    is_black
</color_patterns>
<shape_size>
    is_long
</shape_size>
<texture_material>
    made_of_steel
    made_of_metal
</texture_material>
</concept>
<concept name="bomb">
<inbeh>
    inbeh_-_explodes
</inbeh>
<color_patterns>
    is_green
    is_gray
</color_patterns>
<parts>
    has_fins
    has_fuse
</parts>
<texture_material>
    made_of_metal
</texture_material>
<shape_size>
    has_pointed_end
    is_oval
    is_ovoid
    is_long
</shape_size>
</concept>
<concept name="bow_(weapon)">
<inbeh>
    inbeh_-_shoots_bows
</inbeh>
<parts>
    has_limbs
    has_string
    has_hand_grip
    has_arrow_rest_(ledge)
    has_bow_sight<no_evidence/>
</parts>
<color_patterns>
    is_brown
    different_colors
</color_patterns>
<texture_material>
    made_of_wood
    made_of_plastic
    made_of_metal
</texture_material>
<shape_size>
    is_curved
</shape_size>
</concept>
<concept name="bullet">
<shape_size>
    is_small
    is_parabolic
    is_paraboloid
</shape_size>
<color_patterns>
    is_gold
</color_patterns>
<texture_material>
    made_of_lead
    is_shiny
</texture_material>
</concept>
<concept name="cannon">
<inbeh>
    inbeh_-_fires_projectile<no_evidence/>
</inbeh>
<parts>
    has_long_barrel
    has_wheels
    has_muzzle
    has_knob
    has_stand
</parts>
<color_patterns>
    is_black
    is_brown
</color_patterns>
<texture_material>
    made_of_steel
    made_of_bronze
    made_of_iron
</texture_material>
</concept>
<concept name="catapult">
<parts>
    has_wheels<no_evidence/>
    has_rope
    has_slats
    has_bucket<no_evidence/>
    has_counterweight
</parts>
<color_patterns>
    is_brown
</color_patterns>
<texture_material>
    made_of_wood
    has_wooden_arm
</texture_material>
</concept>
<concept name="crossbow">
<parts>
    has_trigger
    has_hand_grip
    has_string
    has_curved_limbs
    has_trigger_guard
    has_stock
    has_forestock
    has_sight<no_evidence/>
</parts>
<texture_material>
    made_of_wood
    made_of_metal
</texture_material>
<color_patterns>
    is_black
    is_brown
</color_patterns>
</concept>
<concept name="dagger">
<parts>
    has_hand_grip
    has_guard
    has_blade
    has_edge
</parts>
<color_patterns>
    is_silver
    is_brown
</color_patterns>
<shape_size>
    is_flat
    has_pointed_end
</shape_size>
<texture_material>
    made_of_steel
    has_wooden_handle
    has_metal_handle
    made_of_iron
    made_of_metal
</texture_material>
</concept>
<concept name="grenade">
<shape_size>
    is_small
    is_oval
    is_ovoid
    has_ridges
</shape_size>
<parts>
    has_lever
    has_ring
</parts>
<texture_material>
    made_of_iron
    made_of_metal
</texture_material>
<color_patterns>
    is_green
    is_black
</color_patterns>
</concept>
<concept name="gun">
<texture_material>
    made_of_metal
</texture_material>
<parts>
    has_trigger
    has_hand_grip
    has_barrel
    has_hammer<no_evidence/>
    has_magazine<no_evidence/>
    has_muzzle
    has_trigger_guard
    has_cylinder<no_evidence/>
</parts>
<inbeh>
    inbeh_-_fires_projectile<no_evidence/>
</inbeh>
<color_patterns>
    is_black
</color_patterns>
</concept>
<concept name="machete">
<texture_material>
    has_wooden_handle
    made_of_steel
    has_plastic_handle
</texture_material>
<parts>
    has_blade
    has_long_blade
    has_hand_grip
    has_edge
</parts>
<shape_size>
    has_pointed_end
    is_flat
</shape_size>
<color_patterns>
    is_black
    is_silver
</color_patterns>
</concept>
<concept name="missile">
<shape_size>
    has_pointed_end
    is_paraboloid
    is_long
</shape_size>
<inbeh>
    inbeh_-_flies<no_evidence/>
</inbeh>
<parts>
    has_fins
    has_tubing
    has_wings
</parts>
<texture_material>
    made_of_metal
</texture_material>
<color_patterns>
    is_silver
    is_white
</color_patterns>
</concept>
<concept name="pistol">
<texture_material>
    made_of_metal
</texture_material>
<parts>
    has_trigger
    has_barrel
    has_magazine<no_evidence/>
    has_hand_grip
    has_muzzle
    has_trigger_guard
    has_hammer
    has_cylinder<no_evidence/>
</parts>
<inbeh>
    inbeh_-_fires_projectile<no_evidence/>
</inbeh>
<shape_size>
    is_small
</shape_size>
<color_patterns>
    is_black
    is_silver
</color_patterns>
</concept>
<concept name="revolver">
<parts>
    has_trigger
    has_muzzle
    has_hand_grip
    has_trigger_guard
    has_cylinder
    has_hammer
    has_sight
    has_barrel
</parts>
<inbeh>
    inbeh_-_fires_projectile<no_evidence/>
</inbeh>
<texture_material>
    is_shiny
    has_wooden_handle
    made_of_metal
</texture_material>
<color_patterns>
    is_black
    is_brown
</color_patterns>
</concept>
<concept name="rifle">
<parts>
    has_long_barrel
    has_trigger
    has_stock
    has_trigger_guard
    has_muzzle
    has_magazine<no_evidence/>
    has_forestock
</parts>
<inbeh>
    inbeh_-_fires_projectile<no_evidence/>
</inbeh>
<texture_material>
    made_of_wood
    made_of_metal
</texture_material>
<color_patterns>
    is_black
    is_brown
</color_patterns>
</concept>
<concept name="rocket">
<color_patterns>
    is_silver
    is_white
</color_patterns>
<parts>
    has_fins
    has_nose_cone
    has_tubing
</parts>
<shape_size>
    has_pointed_end
    is_paraboloid
    is_round<!-- often horizontal cut shown -->
    is_long
</shape_size>
<inbeh>
    inbeh_-_flies
</inbeh>
<texture_material>
    made_of_iron
    made_of_metal
</texture_material>
</concept>
<concept name="shield">
<texture_material>
    made_of_wood<no_evidence/>
    made_of_metal
</texture_material>
<shape_size>
    is_triangular
    is_flat
    is_round
</shape_size>
<color_patterns>
    has_patterns
    is_silver
    is_brown
</color_patterns>
</concept>
<concept name="shotgun">
<parts>
    has_long_barrel
    has_trigger
    has_stock
    has_trigger_guard
    has_recoil_pad<no_evidence/>
    has_magazine<no_evidence/>
    has_forestock
    has_pump
    has_muzzle
</parts>
<inbeh>
    inbeh_-_fires_projectile<no_evidence/>
</inbeh>
<color_patterns>
    is_black
    is_brown
</color_patterns>
<shape_size>
    is_long
</shape_size>
<texture_material>
    made_of_wood
    made_of_metal
</texture_material>
</concept>
<concept name="spear">
<parts>
    has_shaft
    has_edge
    has_blade
</parts>
<color_patterns>
    is_silver
    is_brown
</color_patterns>
<shape_size>
    has_pointed_end
    is_thin
    is_straight
</shape_size>
<texture_material>
    made_of_wood
    made_of_iron
    made_of_steel
    has_metal_head
</texture_material>
</concept>
<concept name="sword">
<texture_material>
    made_of_iron
    made_of_steel
    has_metal_handle
</texture_material>
<parts>
    has_blade
    has_hand_grip
    has_guard
    has_edge
    has_long_blade
</parts>
<shape_size>
    has_pointed_end
    is_long
</shape_size>
<color_patterns>
    is_black
    is_silver
</color_patterns>
</concept>
<concept name="whip">
<shape_size>
    is_long
</shape_size>
<parts>
    has_handle
    has_wrist_loop
    has_thong
    has_fall<no_evidence/>
    has_cracker<no_evidence/>
</parts>
<texture_material>
    made_of_leather
    is_braided
    made_of_fibres
</texture_material>
<color_patterns>
    is_black
    is_brown
</color_patterns>
</concept>
</concepts>