<concepts category="artefacts">
<subcategory name="equipment">
<concept name="tripod">
<texture_material>
	made_of_plastic
	made_of_metal
</texture_material>
<parts>
	has_3_legs
	has_brace
	has_screws
	has_lever
</parts>
<colour_patterns>
	is_black
	is_silver
</colour_patterns>
</concept>
<concept name="helmet">
<parts>
	has_strap<no_evidence/>
	has_buckle<no_evidence/>
	has_visor
</parts>
<shape_size>
	is_spherical
	is_round
</shape_size>
<texture_material>
	made_of_plastic
</texture_material>
<colour_patterns>
	different_colours
	is_red
	is_black
	is_colourful
</colour_patterns>
</concept>
<concept name="football">
<parts>
	has_2_pointed_ends
	has_seams
</parts>
<colour_patterns>
	is_white
	is_brown
</colour_patterns>
<shape_size>
	is_oval
	is_ovoid
</shape_size>
<texture_material>
	made_of_plastic
	made_of_rubber
</texture_material>
</concept>
<concept name="ball">
<colour_patterns>
	different_colours
	is_colourful
	is_red
	is_white
</colour_patterns>
<shape_size>
	is_round
	is_spherical
</shape_size>
<texture_material>
	made_of_rubber
	made_of_leather
	made_of_plastic
</texture_material>
</concept>
<concept name="stick">
<shape_size>
	is_thin
	is_straight
	is_curved
	different_shapes
	is_long
</shape_size>
<parts>
	has_stick
	has_shaft
</parts>
<texture_material>
	made_of_wood
	made_of_metal
</texture_material>
<colour_patterns>
	different_colours
	is_black
	is_brown
</colour_patterns>
</concept>
<concept name="tent">
<texture_material>
	made_of_different_fabrics
</texture_material>
<parts>
	has_zipper
	has_poles
	has_rope
	has_pegs<no_evidence/>
	has_seams
</parts>
<shape_size>
	different_shapes
</shape_size>
<colour_patterns>
	different_colours
	is_grey
	is_blue
</colour_patterns>
</concept>
<concept name="thimble">
<shape_size>
	is_small
	is_deep
	is_concave
	is_round
</shape_size>
<colour_patterns>
	is_silver
	is_white
	has_patterns
	is_brown
</colour_patterns>
<texture_material>
	is_shiny
	made_of_silver
	made_of_steel
	made_of_porcelain
	made_of_brass
	made_of_metal
</texture_material>
</concept>
<concept name="wand">
<texture_material>
	made_of_plastic
	made_of_wood
	made_of_metal
</texture_material>
<parts>
	has_stick
	has_hand_grip<no_evidence/>
</parts>
<shape_size>
	is_straight
	is_cylindrical
	is_long
</shape_size>
<colour_patterns>
	different_colours
	has_decorations
	is_silver
	is_black
	is_brown
</colour_patterns>
</concept>
<concept name="baton">
<parts>
	has_cord
	has_stick
	has_hand_grip
</parts>
<texture_material>
	made_of_plastic
	made_of_metal
</texture_material>
<shape_size>
	is_thin
	is_straight
	is_cylindrical
	is_long
</shape_size>
<colour_patterns>
	different_colours
	has_decorations
	is_black
</colour_patterns>
</concept>
<concept name="bat_(baseball)">
<colour_patterns>
	is_brown
	is_black
</colour_patterns>
<parts>
	has_barrel
	has_knob
	has_handle
	has_hand_grip
</parts>
<shape_size>
	is_long
</shape_size>
<texture_material>
	made_of_wood
	made_of_metal
</texture_material>
</concept>
<concept name="racquet">
<texture_material>
	made_of_wood<no_evidence/>
	made_of_fibreglass
	made_of_metal
</texture_material>
<parts>
	has_handle
	has_hand_grip
	has_cord
	has_strings
	has_racquet_throat
	has_racquet_head
</parts>
<shape_size>
	is_flat
</shape_size>
<colour_patterns>
	different_colours
</colour_patterns>
</concept>
<concept name="skis">
<shape_size>
	is_flat
	is_long
</shape_size>
<parts>
	has_binding
	has_toe_piece_(binding)
	has_heel_piece_(binding)
</parts>
<colour_patterns>
	different_colours
	is_colourful
</colour_patterns>
<texture_material>
	made_of_fibreglass<no_evidence/>
	made_of_wood<no_evidence/>
	made_of_plastic
</texture_material>
</concept>
<concept name="hose">
<parts>
	has_tubing
	has_ferrule
</parts>
<colour_patterns>
	is_green
	different_colours
</colour_patterns>
<texture_material>
	made_of_rubber
	made_of_plastic
</texture_material>
<shape_size>
	is_cylindrical<no_evidence/>
	is_long
</shape_size>
</concept>
<concept name="rope">
<texture_material>
	is_twisted
	is_braided<no_evidence/>
	made_of_fibres
</texture_material>
<parts>
	has_rope
</parts>
<shape_size>
	is_thick
	is_long
</shape_size>
<colour_patterns>
	different_colours
	is_brown
</colour_patterns>
</concept>
<concept name="chain">
<shape_size>
	is_curved
</shape_size>
<parts>
	has_ring
</parts>
<texture_material>
	made_of_steel
	made_of_iron
	is_rusty
	made_of_metal
</texture_material>
<colour_patterns>
	different_colours
	is_red
	is_grey
	is_silver
</colour_patterns>
<shape_size>
	different_sizes
	different_shapes
	is_long
</shape_size>
</concept>
<concept name="saddle">
<parts>
	has_strap
	has_seat
	has_stirrups
	has_buckle<no_evidence/>
	has_fender
	has_horn
	has_skirt
	has_pommel
</parts>
<colour_patterns>
	is_brown
</colour_patterns>
<texture_material>
	made_of_leather
</texture_material>
</concept>
</subcategory>
<subcategory name="accessories">
<concept name="bouquet">
<parts>
    has_branches
    has_flowers
    has_leaves
</parts>
<colour_patterns>
    different_colours
    is_colourful
    is_green
    is_pink
    is_white
    is_yellow
</colour_patterns>
</concept>
<concept name="bracelet">
<texture_material>
    made_of_plastic
    made_of_metal
    made_of_fibres
    made_of_thread
</texture_material>
<shape_size>
    is_small
    is_ring_shaped
</shape_size>
<parts>
    has_beads<no_evidence/>
</parts>
<colour_patterns>
    different_colours
    has_patterns
    is_silver
</colour_patterns>
</concept>
<concept name="comb">
<texture_material>
    made_of_plastic
    made_of_wood<no_evidence/>
</texture_material>
<parts>
    has_handle<no_evidence/>
    has_shaft
    has_prongs
</parts>
<shape_size>
    is_small
    is_flat
    is_rectangular
    different_shapes
</shape_size>
<colour_patterns>
    different_colours
</colour_patterns>
</concept>
<concept name="crown">
<parts>
    has_jewels
</parts>
<texture_material>
    is_shiny
    made_of_silver
    made_of_gold
</texture_material>
<colour_patterns>
    has_patterns
    is_gold
    is_silver
</colour_patterns>
</concept>
<concept name="mirror">
<parts>
    has_mirror
</parts>
<texture_material>
    made_of_glass
</texture_material>
</concept>
<concept name="muzzle">
<colour_patterns>
    is_silver
    is_black
</colour_patterns>
<parts>
    has_strap
    has_buckle<no_evidence/>
</parts>
<texture_material>
    made_of_metal
    made_of_plastic
    made_of_leather
</texture_material>
</concept>
<concept name="necklace">
<parts>
    has_jewels
    has_pearls<no_evidence/>
    has_beads
    has_clasp<no_evidence/>
</parts>
<texture_material>
    made_of_plastic
    made_of_metal
</texture_material>
<colour_patterns>
    different_colours
    has_patterns
    is_silver
</colour_patterns>
</concept>
<concept name="umbrella">
<texture_material>
    made_of_plastics
    made_of_fabrics
    made_of_metal<no_evidence/>
</texture_material>
<parts>
    has_handle
    has_ferrule<no_evidence/>
    has_shaft
    has_stretcher<no_evidence/>
    has_canopy
</parts>
<colour_patterns>
    different_colours
    is_colourful
</colour_patterns>
</concept>
</subcategory>
<subcategory name="miscellaneous">
<concept name="banner">
<shape_size>
    is_rectangular
    is_thin
</shape_size>
<colour_patterns>
    has_patterns
    is_colourful
    is_white
</colour_patterns>
<parts>
    has_symbols
</parts>
<texture_material>
    made_of_fabrics
    made_of_plastic
    made_of_paper
</texture_material>
</concept>
<concept name="book">
<shape_size>
    is_flat
    is_rectangular<no_evidence/>
</shape_size>
<parts>
    has_soft_cover
    has_hard_cover
    has_pages
    has_symbols
</parts>
<texture_material>
    made_of_paper
</texture_material>
<colour_patterns>
    has_pictures
    different_colours
    has_patterns
    is_colourful
</colour_patterns>
</concept>
<concept name="magazine">
<texture_material>
    made_of_paper
</texture_material>
<parts>
    has_pages<no_evidence/>
    has_symbols
</parts>
<shape_size>
    is_rectangular
</shape_size>
<colour_patterns>
    is_colourful
</colour_patterns>
</concept>
<concept name="menu">
<texture_material>
    made_of_paper
</texture_material>
<parts>
    has_pages<no_evidence/>
    has_symbols
</parts>
<shape_size>
    is_rectangular
</shape_size>
<colour_patterns>
    is_white
    is_black
</colour_patterns>
</concept>
</subcategory>
<subcategory name="stationery">
<concept name="crayon">
<parts>
    has_paper
</parts>
<texture_material>
    made_of_wax
</texture_material>
<shape_size>
    has_pointed_end
    is_cylindrical
    is_straight
    is_long
</shape_size>
<colour_patterns>
    different_colours
    is_colourful
</colour_patterns>
</concept>
<concept name="envelope">
<shape_size>
    is_thin
    is_flat
    is_rectangular
</shape_size>
<parts>
    has_flap
</parts>
<texture_material>
    made_of_paper
</texture_material>
<colour_patterns>
    different_colours
    is_brown
</colour_patterns>
</concept>
<concept name="paintbrush">
<shape_size>
    is_long
    is_cylindrical<no_evidence/>
    is_straight<no_evidence/>
</shape_size>
<parts>
    has_bristles
    has_handle
    has_ferrule
</parts>
<texture_material>
    has_wooden_handle
    made_of_plastic
    made_of_wood
    made_of_metal
</texture_material>
<colour_patterns>
    different_colours
    is_black
    is_silver
    is_brown
</colour_patterns>
</concept>
<concept name="pen">
<texture_material>
    made_of_plastic
    is_shiny
    made_of_metal
</texture_material>
<parts>
    has_clasp
    has_knob
    has_spring<no_evidence/>
    has_shaft
</parts>
<shape_size>
    has_pointed_end
    is_cylindrical
    is_straight
    is_long
</shape_size>
<colour_patterns>
    different_colours
    is_red
    is_black
    is_silver
    is_blue
</colour_patterns>
</concept>
<concept name="pencil">
<texture_material>
    made_of_graphite
    made_of_wood
    made_of_pigment
</texture_material>
<shape_size>
    has_pointed_end
    is_cylindrical
    is_hexagonal
    is_long
</shape_size>
<colour_patterns>
    different_colours
</colour_patterns>
<parts>
    has_shaft
    has_handle
    has_ferrule<no_evidence/>
</parts>
</concept>
<concept name="pin">
<texture_material>
    is_shiny
    made_of_metal
</texture_material>
<parts>
    has_spring
    has_plastic_head
    has_clasp
    has_prong<no_evidence/>
</parts>
<shape_size>
    different_shapes
    has_pointed_end
    is_curved
    is_straight
    is_long
</shape_size>
<colour_patterns>
    different_colours
    is_silver
</colour_patterns>
</concept>
<concept name="ruler">
<texture_material>
    made_of_plastic<no_evidence/>
    made_of_wood
</texture_material>
<shape_size>
    is_flat
    is_straight
    is_rectangular
    is_long
</shape_size>
<parts>
    has_symbols
</parts>
<colour_patterns>
    different_colours
    is_brown
</colour_patterns>
</concept>
<concept name="tack">
<texture_material>
    made_of_plastic
    made_of_steel
</texture_material>
<parts>
    has_prong
    has_plastic_head
</parts>
<shape_size>
    is_small
    has_pointed_end
</shape_size>
<colour_patterns>
    different_colours
    is_red
    is_silver
    is_blue
    is_yellow
    is_green
    is_white
</colour_patterns>
</concept>
<concept name="tape_(scotch)">
<parts>
    has_paper
</parts>
<texture_material>
    is_transparent
    made_of_adhesive
    made_of_plastic
</texture_material>
<colour_patterns>
    is_yellow
    is_white
</colour_patterns>
<shape_size>
    is_round
    is_ring_shaped
</shape_size>
</concept>
<concept name="typewriter">
<parts>
    has_keys
    has_platen_(roller)
    has_typebars<no_evidence/>
    has_lever
    has_knob
</parts>
<colour_patterns>
    is_black
</colour_patterns>
<texture_material>
    made_of_plastic
    made_of_metal
</texture_material>
</concept>
</subcategory>
</concepts>