<concepts category="home">
<subcategory name="kitchen_utensils">
<concept name="corkscrew">
<texture_material>
	made_of_plastic
	is_shiny
	made_of_metal
</texture_material>
<parts>
	has_thread
	has_lever<no_evidence/>
	has_handle
</parts>
<shape_size>
	different_shapes
</shape_size>
<colour_patterns>
	is_black
	is_silver
	different_colours
</colour_patterns>
</concept>
<concept name="bowl">
<texture_material>
	is_shiny
	made_of_wood
	made_of_enamel
	made_of_porcelain
	made_of_glass
	made_of_ceramic
</texture_material>
<shape_size>
	is_round
	is_concave
	is_deep
</shape_size>
<colour_patterns>
	different_colours
	has_patterns
	is_blue
	is_brown
</colour_patterns>
</concept>
<concept name="cap_(bottle)">
<texture_material>
	made_of_plastic
	made_of_metal
</texture_material>
<shape_size>
	is_small
	is_round
</shape_size>
<colour_patterns>
	different_colours
	has_patterns
</colour_patterns>
</concept>
<concept name="colander">
<shape_size>
	is_round
	is_concave
	is_deep
</shape_size>
<parts>
	has_holes
	has_stand
	has_handle
</parts>
<texture_material>
	made_of_plastic<no_evidence/>
	is_shiny
	made_of_stainless_steel
	made_of_enamel<no_evidence/>
	made_of_ceramic<no_evidence/>
	made_of_aluminium
	made_of_metal
</texture_material>
<colour_patterns>
	different_colours
	is_red
	is_silver
</colour_patterns>
</concept>
<concept name="cup">
<parts>
	has_handle
</parts>
<shape_size>
	has_semicircular_handle
	is_concave
	is_round
	is_deep
</shape_size>
<texture_material>
	made_of_plastic<no_evidence/>
	made_of_porcelain
	made_of_glass<no_evidence/>
	made_of_ceramic
</texture_material>
<colour_patterns>
	different_colours
	has_patterns
	is_white
</colour_patterns>
</concept>
<concept name="dish">
<texture_material>
	is_shiny
	made_of_porcelain
	made_of_ceramic
</texture_material>
<shape_size>
	is_concave<no_evidence/>
	is_rectangular
	is_round
</shape_size>
<colour_patterns>
	different_colours
	has_patterns
	is_blue
	is_colourful
	is_white
</colour_patterns>
</concept>
<concept name="grater">
<parts>
	has_handle
	has_holes
	has_slots
</parts>
<shape_size>
	is_rectangular
</shape_size>
<texture_material>
	made_of_stainless_steel
	is_shiny
	made_of_ceramic<no_evidence/>
	made_of_metal
</texture_material>
<colour_patterns>
	is_silver
</colour_patterns>
</concept>
<concept name="kettle">
<parts>
	has_spout
	has_handle
	has_lid
	has_plug<no_evidence/>
</parts>
<shape_size>
	is_round
	is_deep
</shape_size>
<texture_material>
	made_of_plastic
	is_shiny
	made_of_stainless_steel
	made_of_metal
</texture_material>
<colour_patterns>
	different_colours
	is_silver
	is_white
</colour_patterns>
</concept>
<concept name="knife">
<parts>
	has_handle
	has_edge
	has_blade
	has_guard
	has_knife
</parts>
<shape_size>
	has_pointed_end
	is_flat
</shape_size>
<texture_material>
	made_of_steel
	is_shiny
	made_of_iron
	made_of_ceramic
	made_of_metal
	has_metal_blade
</texture_material>
<colour_patterns>
	is_silver
	is_black
	is_brown
</colour_patterns>
</concept>
<concept name="ladle">
<parts>
	has_handle
</parts>
<shape_size>
	has_concave_end
	is_long
	is_curved
	has_long_handle
</shape_size>
<texture_material>
	made_of_steel
	made_of_plastic
	is_shiny
	made_of_wood<no_evidence/>
	made_of_porcelain
	made_of_ceramic
	made_of_metal
</texture_material>
<colour_patterns>
	different_colours
	is_silver
</colour_patterns>
</concept>
<concept name="mug">
<texture_material>
	made_of_glass<no_evidence/>
	made_of_ceramic
</texture_material>
<parts>
	has_handle
</parts>
<shape_size>
	has_semicircular_handle
	is_concave
	is_round
	is_deep
</shape_size>
<colour_patterns>
	different_colours
	has_patterns
	is_white
</colour_patterns>
</concept>
<concept name="pan">
<shape_size>
	is_concave
	is_round
	is_shallow
	has_long_handle
</shape_size>
<parts>
	has_handle
</parts>
<texture_material>
	has_Teflon_coating
	is_shiny
	made_of_stainless_steel
	made_of_aluminium
	made_of_metal
	made_of_iron
</texture_material>
<colour_patterns>
	is_black
	is_silver
</colour_patterns>
</concept>
<concept name="plate">
<shape_size>
	is_shallow
	is_round
</shape_size>
<texture_material>
	made_of_porcelain
	made_of_ceramic
</texture_material>
<colour_patterns>
	different_colours
	is_white
	has_patterns
</colour_patterns>
</concept>
<concept name="pot">
<parts>
	has_handle
	has_lid
</parts>
<colour_patterns>
	is_silver
	is_black
</colour_patterns>
<shape_size>
	is_concave
	is_round
	has_semicircular_handle
</shape_size>
<texture_material>
	has_Teflon_coating<no_evidence/>
	made_of_cast_iron
	made_of_stainless_steel
	made_of_steel
	is_shiny
	made_of_ceramic
	made_of_metal
</texture_material>
</concept>
<concept name="skillet">
<parts>
	has_handle
</parts>
<shape_size>
	is_concave
	is_round
	is_shallow
</shape_size>
<texture_material>
	has_Teflon_coating<no_evidence/>
	made_of_cast_iron
	made_of_stainless_steel
	is_shiny
	made_of_iron
</texture_material>
<colour_patterns>
	is_silver
	is_black
</colour_patterns>
</concept>
<concept name="spoon">
<parts>
	has_handle
</parts>
<colour_patterns>
	is_silver
</colour_patterns>
<shape_size>
	is_curved
	is_long
	is_shallow
	has_concave_end
</shape_size>
<texture_material>
	made_of_plastic<no_evidence/>
	made_of_silver
	is_shiny
	made_of_stainless_steel
	made_of_metal
</texture_material>
</concept>
<concept name="spatula">
<texture_material>
	made_of_plastic
	made_of_wood<no_evidence/>
	made_of_metal
</texture_material>
<parts>
	has_blade
	has_handle
	has_slots
</parts>
<shape_size>
	is_flat
	is_long
	has_long_handle
</shape_size>
<colour_patterns>
	is_black
	is_silver
	is_brown
</colour_patterns>
</concept>
<concept name="strainer">
<parts>
	has_handle
	has_holes
</parts>
<texture_material>
	made_of_plastic<no_evidence/>
	made_of_metal
</texture_material>
<shape_size>
	is_concave
	is_deep
	is_round
</shape_size>
<colour_patterns>
	different_colours
	is_silver
</colour_patterns>
</concept>
</subcategory>
<subcategory name="furniture">
<concept name="sofa">
<shape_size>
	is_long
</shape_size>
<parts>
	has_cushion
	has_filling
	has_upholstery
	has_seams
	has_armrests
	has_seat
	has_back
</parts>
<texture_material>
	made_of_wood<no_evidence/>
	made_of_leather
	made_of_different_fabrics
</texture_material>
<colour_patterns>
	different_colours
	is_black
	is_brown
</colour_patterns>
</concept>
<concept name="bathtub">
<colour_patterns>
	is_white
</colour_patterns>
<parts>
	has_tap
	has_drain
</parts>
<texture_material>
	made_of_plastic
	is_shiny
	made_of_ceramic
	made_of_fibreglass
</texture_material>
<shape_size>
	is_rectangular
	is_concave
	is_deep
	is_large
</shape_size>
</concept>
<concept name="sink">
<colour_patterns>
	is_silver
	is_white
</colour_patterns>
<parts>
	has_tap
	has_drain
</parts>
<shape_size>
	is_rectangular
	is_round
	is_deep
</shape_size>
<texture_material>
	is_shiny
	made_of_stainless_steel
	made_of_enamel
	made_of_porcelain
	made_of_ceramic
</texture_material>
</concept>
<concept name="toilet">
<colour_patterns>
	is_white
</colour_patterns>
<parts>
	has_container
	has_seat
	has_lid
	has_stand
	has_handle
	has_hinges
</parts>
<shape_size>
	is_oval
	is_concave
	is_deep
</shape_size>
<texture_material>
	made_of_plastic
	made_of_porcelain
	is_shiny
	made_of_ceramic
</texture_material>
</concept>
<concept name="bed">
<parts>
	has_mattress
	has_cushion
	has_headboard
	has_blanket
	has_frame
	has_4_legs
	has_bed
</parts>
<colour_patterns>
	is_brown
	is_white
</colour_patterns>
<shape_size>
	is_rectangular
</shape_size>
<texture_material>
	made_of_wood
	made_of_metal<no_evidence/>
</texture_material>
</concept>
<concept name="bench">
<shape_size>
	is_long
</shape_size>
<parts>
	has_legs
	has_armrests
	has_seat
	has_back
</parts>
<texture_material>
	made_of_wood
	made_of_metal
</texture_material>
<colour_patterns>
	is_black
	is_brown
</colour_patterns>
</concept>
<concept name="carpet">
<texture_material>
	made_of_nylon
	made_of_different_fabrics
	has_different_sizes_of_grains_textures
	made_of_wool
</texture_material>
<shape_size>
	is_large
	is_flat
	is_rectangular
	is_round<no_evidence/>
</shape_size>
<colour_patterns>
	has_patterns
	different_colours
	is_colourful
	is_red
</colour_patterns>
</concept>
<concept name="mat">
<colour_patterns>
	different_colours
</colour_patterns>
<shape_size>
	is_round<no_evidence/>
	is_rectangular
	is_flat
</shape_size>
<texture_material>
	made_of_rubber
	made_of_different_fabrics
	made_of_cotton
	is_braided<no_evidence/>
</texture_material>
</concept>
<concept name="chandelier">
<colour_patterns>
	is_white
</colour_patterns>
<parts>
	has_lightbulbs
	has_light
</parts>
<shape_size>
	is_branched
</shape_size>
<texture_material>
	made_of_glass
	is_transparent
	made_of_crystal
	made_of_metal
</texture_material>
</concept>
<concept name="lamp">
<texture_material>
	made_of_metal
	made_of_glass
</texture_material>
<parts>
	has_cord<no_evidence/>
	has_shade
	has_light
	has_lightbulbs<no_evidence/>
	has_stand
	has_push-buttons<no_evidence/>
</parts>
<shape_size>
	different_shapes
</shape_size>
<colour_patterns>
	different_colours
	is_white
</colour_patterns>
</concept>
<concept name="chair">
<parts>
	has_upholstery
	has_legs
	has_armrests
	has_seat
	has_back
</parts>
<texture_material>
	made_of_plastic<no_evidence/>
	made_of_wood
	made_of_metal<no_evidence/>
</texture_material>
<colour_patterns>
	different_colours
	is_brown
</colour_patterns>
</concept>
<concept name="bookcase">
<colour_patterns>
	is_brown
</colour_patterns>
<texture_material>
	made_of_wood
</texture_material>
<parts>
	has_shelves
	has_legs<no_evidence/>
</parts>
<shape_size>
	has_flat_surface
	is_large
	is_rectangular
</shape_size>
</concept>
<concept name="cabinet">
<parts>
	has_walls
	has_legs
	has_drawers
	has_windows
	has_handle
	has_door
</parts>
<colour_patterns>
	is_brown
	has_carving
</colour_patterns>
<texture_material>
	made_of_wood
</texture_material>
<shape_size>
	has_flat_surface
	is_box_shaped
	is_rectangular
</shape_size>
</concept>
<concept name="closet">
<colour_patterns>
	is_brown
	is_white
</colour_patterns>
<parts>
	has_drawers
	has_handle
	has_shelves<no_evidence/>
	has_door
	has_hanging_bars<no_evidence/>
</parts>
<texture_material>
	made_of_wood
</texture_material>
<shape_size>
	is_tall
	is_box_shaped
	has_flat_surface
	is_rectangular
</shape_size>
</concept>
<concept name="cupboard">
<colour_patterns>
	is_brown
	is_white
</colour_patterns>
<parts>
	has_handle
	has_drawers<no_evidence/>
	has_shelves
	has_door
	has_bars
</parts>
<shape_size>
	is_rectangular
</shape_size>
<texture_material>
	made_of_wood
</texture_material>
</concept>
<concept name="desk">
<parts>
	has_legs<no_evidence/>
	has_drawers
	has_handle
	has_door
	has_shelves
</parts>
<colour_patterns>
	is_brown
	is_white
</colour_patterns>
<shape_size>
	has_flat_surface
	is_large
</shape_size>
<texture_material>
	made_of_wood
</texture_material>
</concept>
<concept name="pipe_(plumbing)">
<texture_material>
	made_of_metal
	made_of_plastic
</texture_material>
<colour_patterns>
	is_grey
</colour_patterns>
<shape_size>
	is_cylindrical
	is_hollow
	is_round
</shape_size>
</concept>
<concept name="rocker">
<parts>
	has_foot_rest<no_evidence/>
	has_upholstery<no_evidence/>
	has_legs
	has_seat
	has_curved_bands
	has_armrests
	has_back
</parts>
<texture_material>
	made_of_wood
</texture_material>
<colour_patterns>
	is_black
	is_brown
</colour_patterns>
</concept>
<concept name="shelves">
<parts>
	has_horizontal_planes
	has_shelves
</parts>
<colour_patterns>
	is_brown
	is_white
</colour_patterns>
<texture_material>
	made_of_wood
</texture_material>
<shape_size>
	has_flat_surface
	is_rectangular
</shape_size>
</concept>
<concept name="stool_(furniture)">
<colour_patterns>
	is_black
	is_brown
</colour_patterns>
<texture_material>
	made_of_wood
	made_of_leather
	made_of_metal
</texture_material>
<parts>
	has_legs
	has_seat
	has_foot_rest
</parts>
<shape_size>
	has_flat_surface
	is_rectangular
	is_round
</shape_size>
</concept>
<concept name="table">
<colour_patterns>
	different_colours
	is_brown
	is_white
</colour_patterns>
<parts>
	has_legs
</parts>
<texture_material>
	made_of_glass
	made_of_wood
	made_of_metal
</texture_material>
<shape_size>
	has_flat_surface
	is_rectangular
	is_round
</shape_size>
</concept>
<concept name="bureau">
<parts>
	has_handle
	has_drawers
	has_4_legs
</parts>
<shape_size>
	has_flat_surface
	is_rectangular
</shape_size>
<texture_material>
	made_of_wood
</texture_material>
<colour_patterns>
	is_brown
	is_white
</colour_patterns>
</concept>
<concept name="couch">
<shape_size>
	is_long
</shape_size>
<parts>
	has_cushion
	has_filling
	has_upholstery
	has_seams
	has_armrests
	has_seat
	has_back
</parts>
<texture_material>
	made_of_wood<no_evidence/>
	made_of_leather
	made_of_different_fabrics
</texture_material>
<colour_patterns>
	different_colours
	is_black
	is_brown
</colour_patterns>
</concept>
<concept name="curtains">
<shape_size>
	is_large
	is_long
	is_shirred
</shape_size>
<texture_material>
	made_of_different_fabrics
	made_of_cotton
	is_sheer
</texture_material>
<colour_patterns>
	different_colours
	is_white
	is_yellow
</colour_patterns>
<parts>
	has_seams
</parts>
</concept>
<concept name="door">
<parts>
	has_handle
	has_lock
	has_windows
	has_latch<no_evidence/>
	has_jambs
	has_still
	has_panel
	has_spy_hole<no_evidence/>
	has_hinges<no_evidence/>
	has_door
</parts>
<shape_size>
	is_tall
	is_rectangular
</shape_size>
<texture_material>
	made_of_steel<no_evidence/>
	made_of_wood
	made_of_glass
	made_of_metal<no_evidence/>
</texture_material>
<colour_patterns>
	different_colours
	has_patterns
	has_carving
	is_brown
</colour_patterns>
</concept>
<concept name="drapes">
<shape_size>
	is_large
	is_long
	is_shirred
</shape_size>
<texture_material>
	made_of_different_fabrics
	made_of_cotton
	is_sheer
</texture_material>
<colour_patterns>
	different_colours
	is_white
	is_yellow
</colour_patterns>
<parts>
	has_seams
</parts>
</concept>
<concept name="dresser">
<parts>
	has_handle
	has_drawers
	has_4_legs
</parts>
<shape_size>
	has_flat_surface
	is_rectangular
</shape_size>
<texture_material>
	made_of_wood
</texture_material>
<colour_patterns>
	is_brown
	is_white
</colour_patterns>
</concept>
<concept name="faucet">
<colour_patterns>
	is_silver
	is_gold<no_evidence/>
</colour_patterns>
<parts>
	has_handle
	has_spout
	has_tap
</parts>
<shape_size>
	is_curved
</shape_size>
<texture_material>
	is_shiny
	made_of_gold<no_evidence/>
	made_of_chrome
</texture_material>
</concept>
<concept name="gate">
<colour_patterns>
	is_black
	is_brown
	is_silver
</colour_patterns>
<parts>
	has_lock<no_evidence/>
	has_prongs
	has_hinges
	has_latch<no_evidence/>
	has_bars
	has_jambs
</parts>
<texture_material>
	made_of_wood
	made_of_metal
</texture_material>
<shape_size>
	is_tall
	is_large
</shape_size>
</concept>
<concept name="pillow">
<parts>
	has_filling
	has_seams
	has_cushion
</parts>
<colour_patterns>
	is_white
	has_patterns
	is_red
	is_blue
	is_black
	is_colourful
	different_colours
</colour_patterns>
<texture_material>
	made_of_different_fabrics
	made_of_cotton
</texture_material>
<shape_size>
	is_square
	is_rectangular
	is_round<no_evidence/>
</shape_size>
</concept>
<concept name="tap">
<colour_patterns>
	is_silver
	is_gold<no_evidence/>
</colour_patterns>
<parts>
	has_handle
	has_spout
	has_tap
</parts>
<shape_size>
	is_curved
</shape_size>
<texture_material>
	is_shiny
	made_of_gold<no_evidence/>
	made_of_chrome
</texture_material>
</concept>
</subcategory>
</concepts>