<concepts category="plants">
<concept name="birch">
<botany>
	has_branches
	has_bark
	has_stem
	has_buds<no_evidence/>
	has_catkins<no_evidence/>
	has_serrate_leaves
	has_fruits<no_evidence/>
</botany>
<shape_size>
	is_tall
</shape_size>
<colour_patterns>
	is_green
	is_white
</colour_patterns>
</concept>
<concept name="cedar">
<botany>
	has_cones<no_evidence/>
	has_branches
	has_needles
	has_bark
	has_stem
</botany>
<shape_size>
	is_tall
</shape_size>
<colour_patterns>
	is_green
	is_brown
</colour_patterns>
</concept>
<concept name="dandelion">
<botany>
	has_seeds
	has_stem
	has_leaves<no_evidence/>
	has_flowers
</botany>
<colour_patterns>
	is_green
	is_yellow
	is_white
</colour_patterns>
</concept>
<concept name="oak">
<botany>
	has_stem
	has_branches
	has_lobed_leaves
	has_fruits<no_evidence/>
	has_catkins<no_evidence/>
	has_bark
	has_buds<no_evidence/>
</botany>
<shape_size>
	is_large
</shape_size>
<colour_patterns>
	is_brown
	is_green
</colour_patterns>
</concept>
<concept name="pine">
<botany>
	has_stem
	has_needles
	has_branches
	has_bark
	has_cones
	has_buds
</botany>
<colour_patterns>
	is_green
	is_brown
</colour_patterns>
<shape_size>
	is_tall
</shape_size>
</concept>
<concept name="vine">
<botany>
	has_tendrils
	has_flowers
	has_branches
	has_leaves
	has_stem<no_evidence/>
</botany>
<colour_patterns>
	is_green
</colour_patterns>
</concept>
<concept name="willow">
<botany>
	has_catkins<no_evidence/>
	has_droopy_branches
	has_bark
	has_stem
	has_leaves
	has_buds<no_evidence/>
</botany>
<shape_size>
	is_large
</shape_size>
<colour_patterns>
	is_green
	is_brown
	is_yellow
</colour_patterns>
</concept>
</concepts>