<concepts category="tools">
<concept name="anchor">
<shape_size>
	is_curved
	is_T_shaped
	different_shapes
</shape_size>
<parts>
	has_fluke
	has_shank
	has_ring<no_evidence/>
	has_prongs
	has_arms
	has_stock
</parts>
<texture_material>
	made_of_iron
	made_of_steel
	made_of_metal
</texture_material>
<colour_patterns>
	different_colours
	is_black
	is_silver
	is_brown
</colour_patterns>
</concept>
<concept name="axe">
<texture_material>
	made_of_steel
	has_metal_head
	has_wooden_handle
</texture_material>
<parts>
	has_blade
	has_handle
	has_head
</parts>
<shape_size>
	is_flat
	is_L_shaped
	is_T_shaped
	different_shapes
	has_long_handle<!-- CS: has_long_handle also present in hammer annotation-->
</shape_size>
<colour_patterns>
	is_black
	is_silver
	is_brown
</colour_patterns>
</concept>
<concept name="bolts">
<colour_patterns>
	is_silver
	is_gold
</colour_patterns>
<parts>
	has_flat_head
	has_slots
	has_threads<!-- CS: drill also uses the more specific term has_threads instead of has_ridges -->
</parts>
<texture_material>
	made_of_steel
	made_of_metal
</texture_material>
<shape_size>
	is_small
	is_cylindrical
</shape_size>
</concept>
<concept name="broom">
<parts>
    has_handle
    has_bristles
</parts>
<colour_patterns>
    is_brown
</colour_patterns>
<shape_size>
    has_long_handle
</shape_size>
<texture_material>
    made_of_plastic
    made_of_straw
    has_wooden_handle
</texture_material>
</concept>
<concept name="brush">
<texture_material>
    made_of_plastic
    made_of_wood<no_evidence/>
    made_of_metal<no_evidence/>
</texture_material>
<parts>
    has_handle
    has_bristles
</parts>
<shape_size>
    different_shapes
</shape_size>
<colour_patterns>
    different_colours
</colour_patterns>
</concept>
<concept name="chisel">
<colour_patterns>
	is_silver
</colour_patterns>
<parts>
	has_handle
	<!-- CS: has_grip? -->
	has_blade
	has_edge
</parts>
<shape_size>
	is_flat
	is_straight
</shape_size>
<texture_material>
	has_wooden_handle
	has_plastic_handle
	has_rubber_handle<no_evidence/>
	made_of_steel
	made_of_metal
</texture_material>
</concept>
<concept name="clamp">
<shape_size>
	different_shapes
</shape_size>
<parts>
	has_bolt
	has_pad
	has_handle<no_evidence/>
	has_clamp_body
	has_jaws
</parts>
<texture_material>
	made_of_steel
	made_of_metal
</texture_material>
<colour_patterns>
	is_red
	is_silver
	different_colours
</colour_patterns>
</concept>
<concept name="crowbar">
<shape_size>
	is_curved
	is_L_shaped
	is_long
</shape_size>
<parts>
	has_bar
	<!-- has_handle?? -->
</parts>
<texture_material>
	made_of_steel
	made_of_iron
	made_of_metal
</texture_material>
<colour_patterns>
	is_red
	is_black
	is_silver
</colour_patterns>
</concept>
<concept name="drill">
<texture_material>
	made_of_plastic
	made_of_metal
	has_plastic_handle
</texture_material>
<parts>
	has_trigger
	has_handle
	<!-- CS: has_hand_grip? -->
	has_threads
	has_enclosure
</parts>
<colour_patterns>
	is_red
	is_black
	is_orange
	is_green
	different_colours
</colour_patterns>
</concept>
<concept name="fork">
<texture_material>
	made_of_steel
	has_wooden_handle
</texture_material>
<parts>
	has_handle
	<!-- CS: has_hand_grip? -->
	has_prongs
	has_shaft
</parts>
<shape_size>
	is_flat
	has_long_handle
	has_long_prongs
</shape_size>
<colour_patterns>
	is_silver
	is_black
	is_brown
</colour_patterns>
</concept>
<concept name="hammer">
<texture_material>
	made_of_steel
	made_of_rubber
	has_wooden_handle
	has_metal_head
</texture_material>
<parts>
	has_head
	has_handle
</parts>
<shape_size>
	is_T_shaped
	is_long
	has_long_handle
</shape_size>
<colour_patterns>
	is_black
	is_silver
	is_brown
	different_colours
</colour_patterns>
</concept>
<concept name="hatchet"><!-- synonym of tomahawk-->
<colour_patterns>
	is_silver
	is_brown
</colour_patterns>
<parts>
	has_blade
	has_handle
	has_edge
	has_head
</parts>
<shape_size>
	is_flat
	is_T_shaped
	is_L_shaped
	has_long_handle
	different_shapes
</shape_size>
<texture_material>
	has_wooden_handle
	has_metal_head
	made_of_metal
</texture_material>
</concept>
<concept name="hoe">
<texture_material>
	made_of_steel
	made_of_metal
	has_metal_head
	has_wooden_handle
</texture_material>
<parts>
	has_handle
	has_blade
	has_head
	has_edge
</parts>
<shape_size>
	is_L_shaped
	has_long_handle
</shape_size>
<colour_patterns>
	is_silver
	is_black
	is_brown
	different_colours
</colour_patterns>
</concept>
<concept name="hook">
<shape_size>
	has_pointed_end
	is_curved
</shape_size>
<parts>
	has_hook
</parts>
<texture_material>
	made_of_steel
	made_of_metal
</texture_material>
<colour_patterns>
	is_silver
	is_brown
</colour_patterns>
</concept>
<concept name="level">
<texture_material>
	made_of_metal
</texture_material>
<parts>
	has_bubbles
</parts>
<shape_size>
	is_flat
	is_rectangular
	is_long
</shape_size>
<colour_patterns>
	is_black
	is_yellow
	is_green
	different_colours
</colour_patterns>
</concept>
<concept name="peg">
<texture_material>
	made_of_plastic
	made_of_wood
	made_of_metal
</texture_material>
<parts>
	has_spring
	has_prongs
</parts>
<shape_size>
	is_small
	is_straight
</shape_size>
<colour_patterns>
	is_red
	is_blue
	is_yellow
	is_brown
	different_colours
</colour_patterns>
</concept>
<concept name="pliers">
<shape_size>
	is_small
</shape_size>
<parts>
	has_handle
	<!-- CS: has_hand_grip? -->
	has_pivot
	has_jaws
</parts>
<texture_material>
	made_of_steel
	made_of_metal
	has_rubber_handle
</texture_material>
<colour_patterns>
	different_colours
	is_red
	is_silver
</colour_patterns>
</concept>
<concept name="rake">
<texture_material>
	made_of_plastic<no_evidence/>
	has_wooden_handle
	made_of_steel
</texture_material>
<shape_size>
	has_long_handle<no_evidence/>
	has_long_prongs
</shape_size>
<parts>
	has_handle
	has_prongs
</parts>
<colour_patterns>
	different_colours
	is_brown
</colour_patterns>
</concept>
<concept name="scissors">
<texture_material>
	made_of_plastic
	made_of_metal
	has_metal_handle
	has_plastic_handle
</texture_material>
<parts>
	has_bows
	has_edge
	has_handle
	has_2_blades
	has_pivot
</parts>
<shape_size>
	has_pointed_end
	is_small
	is_flat
</shape_size>
<colour_patterns>
	different_colours
	is_black
	is_silver
</colour_patterns>
</concept>
<concept name="screwdriver">
<texture_material>
	has_plastic_handle
	has_wooden_handle<no_evidence/>
	made_of_steel
	has_rubber_handle
	made_of_metal
</texture_material>
<parts>
	has_blade
	has_handle
	<!-- CS: has_hand_grip? -->
	has_shaft
	has_contoured_head
</parts>
<shape_size>
	has_pointed_end
	is_long
</shape_size>
<colour_patterns>
	different_colours
	is_red
	is_black
	is_silver
</colour_patterns>
</concept>
<concept name="screws">
<parts>
	has_flat_head
	has_slots
	has_threads<!-- more general: ridges -->
	has_screws
</parts>
<shape_size>
	is_small
	is_cylindrical
</shape_size>
<colour_patterns>
	is_silver
	is_gold
</colour_patterns>
<texture_material>
	is_shiny
	made_of_steel
	made_of_metal
</texture_material>
</concept>
<concept name="shovel">
<texture_material>
	made_of_plastic
	made_of_steel
	made_of_metal
</texture_material>
<parts>
	has_handle
	has_shaft
	has_edge
	has_blade
	has_scoop
</parts>
<colour_patterns>
	is_black
	is_brown
	different_colours
</colour_patterns>
</concept>
<concept name="sledgehammer">
<parts>
	has_handle
	has_head
</parts>
<shape_size>
	is_T_shaped
	has_long_handle
</shape_size>
<texture_material>
	has_metal_head
	has_rubber_head<no_evidence/>
	has_wooden_handle
	has_rubber_handle<no_evidence/>
	made_of_steel
	made_of_metal
</texture_material>
<colour_patterns>
	is_silver
	is_black
	is_brown
</colour_patterns>
</concept>
<concept name="spade">
<texture_material>
	made_of_metal
	made_of_steel
	has_metal_head
</texture_material>
<parts>
	has_blade
	has_handle
	has_shaft
	has_edge
	has_head
</parts>
<shape_size>
	is_long
</shape_size>
<colour_patterns>
	is_black
	is_silver
	is_brown
</colour_patterns>
</concept>
<concept name="tomahawk"><!-- synonym of hatchet-->
<colour_patterns>
	is_silver
	is_brown
</colour_patterns>
<parts>
	has_blade
	has_handle
	has_edge
	has_head
</parts>
<shape_size>
	is_flat
	is_T_shaped
	is_L_shaped
	has_long_handle
	different_shapes
</shape_size>
<texture_material>
	has_wooden_handle
	has_metal_head
	made_of_metal
</texture_material>
</concept>
<concept name="tongs">
<parts>
	has_hinged_legs
</parts>
<shape_size>
	is_small
	is_V_shaped
</shape_size>
<colour_patterns>
	is_silver
</colour_patterns>
<texture_material>
	is_shiny
	made_of_steel
	made_of_metal
</texture_material>
</concept>
<concept name="wrench">
<colour_patterns>
	is_silver
</colour_patterns>
<texture_material>
	made_of_steel
	made_of_metal
</texture_material>
<shape_size>
	is_small
	is_flat
	is_long
</shape_size>
</concept>
</concepts>